student_id,student_number,full_name,email,phone,gpa,courses_count,courses_list,average_grade,total_assignments,total_submissions
2,ST002,Karen Medhat,Karen@gmail.com,01255212311,,1,DV23,8.9,1,1
3,ST003,Mohamed Kamal,MohamedK@gmail.com,01234567812,,1,ML31,9.1,1,1
4,ST004,Mohamed Esam,MoahemdE@gmail.com,01210620861,,1,py1,9.0,1,1
5,ST005,Maria Ashraf,Maria@gmail.com,01210620478,,3,"DB3, ML31, py1",4.79,2,2
6,ST006,Abdelaziz hassan,Abdelaziz@gmail.com,01210620794,3.5,2,"DS, ML31",0.0,0,0
7,ST100,Tad,tadoadel200005@gmail.com,01210620874,,1,dt2,0.0,0,0
